Time,Mach,Alpha_D,Altitude,Latitude,Longitude
1,1.534444426,2.102935222,50021.25556,33.00064824,-97.00485587
2.01667,1.533365426,1.923799088,50041.59271,33.00124645,-97.00951711
3.01667,1.532135211,1.923205517,50064.6672,33.00180778,-97.01410699
4.01667,1.531232342,1.911935416,50091.45156,33.00235703,-97.01871181
5.01667,1.529731606,3.201620257,50126.6629,33.00289486,-97.02330313
6.01667,1.527670592,3.335255204,50174.98412,33.00343451,-97.02788906
7.01667,1.525927359,1.786029202,50237.23461,33.00396651,-97.03247164
8.01667,1.524861292,-0.9495900863,50298.70275,33.00449276,-97.03705333
9,1.524382219,-1.445610523,50341.90295,33.00501042,-97.04155959
10,1.524363684,-0.1834218226,50362.20862,33.00553804,-97.04614491
11,1.524365823,1.414111062,50367.0053,33.00606495,-97.05073278
12,1.524178398,2.229848853,50368.64909,33.00658941,-97.05532287
13,1.524011742,2.225761517,50374.78792,33.00711126,-97.05991513
14,1.523935857,1.864325015,50386.60429,33.00763193,-97.0645093
15,1.523937641,1.535589488,50401.62817,33.00815038,-97.06910579
16,1.524005916,1.445484317,50417.27667,33.0086679,-97.07370455
17,1.524067615,1.513683193,50432.46685,33.0091844,-97.07830572
18,1.52413126,1.588080471,50447.38093,33.00969993,-97.0829093
19,1.524162542,1.644353756,50462.66338,33.01021519,-97.08751507
20,1.524221187,1.046811651,50477.55023,33.01072977,-97.09212324
21,1.524618518,-0.03848559751,50486.19293,33.01124456,-97.09673431
22,1.525144157,0.4873310247,50484.0002,33.01175973,-97.10134866
23.0167,1.525600088,1.466513453,50472.68152,33.01228375,-97.10604323
24.0167,1.525900127,2.032169518,50459.70919,33.01279968,-97.11066385
25.0167,1.526130707,2.057816953,50449.97207,33.01331629,-97.11528731
26.0167,1.526380189,1.806532199,50444.41559,33.0138337,-97.11991349
27.0167,1.526669782,1.571162776,50441.42534,33.01435204,-97.12454236
28.0167,1.526980976,1.479625263,50439.10482,33.01487147,-97.12917389
29.0167,1.527289868,1.504525144,50436.51967,33.01539215,-97.13380807
30.0167,1.527582134,1.562645671,50433.69808,33.01591427,-97.13844485
31.0167,1.527856205,1.595763949,50431.04998,33.01643794,-97.14308414
32.0167,1.528116872,1.593005146,50428.86926,33.01696332,-97.14772588
33.0167,1.528368609,1.571995582,50427.18118,33.01749052,-97.15237001
34.0167,1.528612601,1.552684529,50425.8422,33.01801963,-97.15701645
35.0167,1.528847518,1.54375849,50424.69496,33.01855077,-97.16166517
36.0167,1.529071235,1.543240023,50423.65295,33.01908401,-97.16631611
37.0167,1.529282309,1.545357687,50422.69963,33.01961943,-97.17096921
38.0167,1.529480476,1.546075873,50421.84779,33.02015711,-97.17562442
39.0167,1.529666085,1.544590566,50421.10503,33.02069709,-97.18028167
40.0167,1.529839656,1.542031631,50420.46269,33.02123943,-97.18494093
41.0167,1.530001495,1.539735986,50419.90213,33.02178416,-97.18960214
42.0167,1.530151837,1.538275994,50419.40508,33.0223313,-97.19426526
43.0167,1.530290845,1.537508839,50418.95921,33.02288088,-97.19893025
44.0167,1.53041904,1.537014062,50418.55794,33.02343292,-97.20359706
45.0167,1.530536822,1.536523295,50418.19755,33.02398744,-97.20826567
46.0167,1.530644735,1.535930451,50417.87456,33.02454444,-97.21293603
47.0167,1.530743095,1.535331157,50417.58496,33.02510394,-97.21760811
48.0167,1.530832391,1.534800975,50417.32447,33.02566592,-97.22228188
49.0167,1.530913062,1.534372727,50417.08929,33.02623037,-97.22695732
50.0167,1.530986708,1.533966256,50416.87608,33.02679729,-97.2316344
51.0167,1.531050708,1.533809512,50416.68282,33.02736664,-97.2363131
52.0167,1.531108518,1.533466271,50416.50792,33.02793841,-97.24099341
53.0167,1.531159624,1.533144447,50416.34952,33.02851256,-97.24567531
54.0167,1.531204584,1.53289658,50416.20556,33.02908908,-97.25035878
55.0167,1.531244003,1.532701099,50416.07444,33.02966793,-97.25504381
56.0167,1.531278252,1.532529662,50415.95496,33.03024909,-97.25973039
57.0167,1.531307711,1.532363995,50415.84609,33.03083251,-97.26441852
58.0167,1.53133276,1.532207259,50415.74686,33.03141817,-97.26910818
59.0167,1.531353777,1.532062075,50415.65636,33.03200601,-97.27379938
60.0167,1.531371031,1.531932979,50415.57375,33.03259601,-97.27849211
61.0167,1.531384979,1.531812736,50415.49831,33.0331881,-97.28318637
62.0167,1.531395974,1.531701968,50415.42939,33.03378226,-97.28788216
63.0167,1.531404417,1.531600284,50415.36638,33.03437843,-97.29257949
64.0167,1.531410531,1.531510948,50415.30875,33.03497659,-97.29727835
65.0167,1.531414688,1.531430606,50415.256,33.0355767,-97.30197875
66.0167,1.531417083,1.531359918,50415.20767,33.03617871,-97.30668068
67.0167,1.531417939,1.531297885,50415.16336,33.03678258,-97.31138416
68.0167,1.531417293,1.531243053,50415.12272,33.03738828,-97.31608919
69.0167,1.531415422,1.53119178,50415.08544,33.03799576,-97.32079577
70.0167,1.531412434,1.531143266,50415.05126,33.03860498,-97.32550392
71.025,1.531408524,1.531095855,50415.0199,33.03921591,-97.33021363
72.0167,1.531403972,1.531052835,50414.99113,33.0398285,-97.33492492
73.0167,1.531398912,1.531017971,50414.96472,33.04044273,-97.33963779
74.0167,1.531393484,1.530983333,50414.94046,33.04105856,-97.34435224
75.0167,1.531387759,1.530952749,50414.91816,33.04167598,-97.34906828
76.0167,1.53136156,1.652052276,50415.09286,33.04229495,-97.35378589
77.0167,1.530807229,4.108836306,50425.10366,33.0429153,-97.35850296
78.0167,1.529702408,3.490357795,50451.59717,33.04353731,-97.36321924
79.0167,1.528747278,1.837392459,50494.03717,33.04416032,-97.36793326
80.0167,1.528354814,0.8374005792,50540.95593,33.04478433,-97.37264588
81.0167,1.528228458,0.8316673212,50583.677,33.04540934,-97.37735841
82.0167,1.528106089,1.306796677,50620.7617,33.04603531,-97.38207105
83.0167,1.527967207,1.692178616,50655.17082,33.04666228,-97.38678358
84.0167,1.527837325,1.779788418,50689.95042,33.04729029,-97.39149579
85.0167,1.527755206,1.67190839,50726.146,33.04791934,-97.39620771
86.0167,1.527734141,1.551362346,50763.16289,33.04854943,-97.40091951
87.0167,1.527761937,1.511409769,50800.04793,33.04918058,-97.40563143
88.1833,1.527812803,1.535551629,50832.14279,33.049739,-97.40979385
89.0167,1.527690371,1.607416539,50873.87007,33.05044604,-97.41505569
90.0167,1.527809228,1.21868643,50910.68672,33.05108041,-97.41976804
91.0167,1.527905181,1.57248777,50945.41117,33.05171582,-97.42448082
92.0167,1.527979198,1.747250439,50979.22963,33.05235244,-97.42919402
93.0167,1.528037372,1.756603032,51013.77659,33.0529902,-97.43390749
94.0167,1.52808929,1.669996063,51049.26644,33.05362919,-97.43862115
95.0167,1.528155837,1.604668547,51085.15417,33.05426945,-97.44333503
96.0167,1.528239913,1.564740299,51120.81622,33.05491097,-97.44804921
97.0167,1.528380169,1.344019642,51155.22006,33.05555381,-97.45276394
98.0167,1.52859923,1.144324232,51186.83713,33.05619799,-97.4574795
99.0167,1.528871814,1.117418755,51214.1926,33.05684354,-97.46219614
100.017,1.529164604,1.220829758,51236.89602,33.0574905,-97.46691394
101.017,1.529453015,1.356849885,51255.61659,33.05813893,-97.47163286
102.017,1.52972767,1.455699994,51271.39725,33.05878888,-97.47635279
103.017,1.529988966,1.503161316,51285.08739,33.05944041,-97.48107364
104.017,1.53023937,1.519455859,51297.15669,33.06009354,-97.48579534
105.017,1.530478735,1.528616317,51307.80043,33.06074829,-97.49051784
106.017,1.530704812,1.543044487,51317.11943,33.06140469,-97.49524108
107.017,1.530914742,1.563784286,51325.23563,33.06206276,-97.49996501
108.017,1.531106733,1.585092417,51332.31345,33.06272252,-97.50468956
109.017,1.531280272,1.60260356,51338.52723,33.063384,-97.50941465
110.017,1.531435675,1.613947277,51344.02952,33.0640472,-97.51414023
111.017,1.531574073,1.622903544,51348.92698,33.06471216,-97.51886623
112.017,1.531695694,1.630791832,51353.29132,33.06537886,-97.5235926
113.017,1.531801125,1.637690381,51357.18879,33.06604732,-97.52831928
114.017,1.531891163,1.643951492,51360.68018,33.06671754,-97.53304621
115.017,1.531966894,1.64839155,51363.81354,33.06738951,-97.53777336
116.017,1.532029294,1.653445802,51366.63011,33.06806324,-97.54250067
117.017,1.532079373,1.657696685,51369.16888,33.06873875,-97.5472281
118.017,1.532118069,1.661074894,51371.46494,33.06941603,-97.55195561
119.017,1.53214629,1.663914669,51373.54645,33.07009509,-97.55668316
120.017,1.532164917,1.666390778,51375.43633,33.07077592,-97.56141073
121.017,1.532174855,1.668615531,51377.15449,33.07145852,-97.56613828
122.017,1.532177033,1.670615733,51378.71864,33.07214287,-97.57086579
123.017,1.532172387,1.672418492,51380.14453,33.07282897,-97.57559325
124.017,1.532161821,1.673977642,51381.44631,33.07351681,-97.58032062
125.017,1.532146151,1.675403,51382.63622,33.07420641,-97.5850479
126.017,1.532126085,1.676689931,51383.72482,33.07489775,-97.58977506
127.017,1.532166742,0.8821941858,51383.06754,33.07559082,-97.59450236
128.017,1.532469203,0.2533516551,51375.80034,33.07628545,-97.59923014
129.017,1.532782373,0.9391653276,51358.77931,33.07698141,-97.60395851
130.017,1.532951327,1.764986864,51335.30839,33.077679,-97.60868724
131.017,1.5329732,2.10992951,51311.392,33.07837843,-97.6134162
132.017,1.532941377,1.998267719,51290.29516,33.07907982,-97.6181453
133.017,1.532924678,1.742356372,51271.82838,33.07978314,-97.6228744
134.017,1.532931362,1.584387538,51254.28672,33.0804883,-97.62760344
135,1.532939686,1.572145857,51236.67172,33.08118341,-97.6322536
136,1.532930393,1.63371843,51218.11968,33.08189201,-97.63698247
137,1.532897576,1.686653117,51199.30192,33.08260234,-97.64171122
138,1.532847737,1.698003409,51180.64882,33.08331442,-97.6464398
139,1.532789819,1.679549556,51162.3228,33.08402822,-97.65116818
140,1.532728963,1.656676423,51144.24621,33.08474374,-97.65589634
141,1.5326659,1.644396814,51126.27252,33.08546095,-97.66062426
142,1.532599716,1.642889585,51108.31418,33.08617983,-97.66535195
143,1.532530068,1.645240968,51090.36359,33.08690035,-97.67007938
144,1.532457513,1.645432346,51072.45356,33.0876225,-97.67480657
145,1.5323838,1.641934888,51054.61031,33.08834626,-97.67953351
146,1.532310262,1.636960148,51036.8328,33.08907163,-97.68426021
147,1.532237936,1.63312262,51019.10276,33.0897986,-97.68898665
148,1.532166491,1.629782605,51001.40799,33.09052715,-97.69371285
149,1.532096802,1.626350778,50983.7473,33.09125729,-97.69843882
150,1.53202906,1.623329772,50966.11533,33.09198899,-97.70316457
151,1.531963522,1.620557912,50948.50868,33.09272224,-97.70789009
152,1.531900393,1.61765982,50930.92619,33.09345703,-97.71261542
153,1.531840058,1.614598295,50913.3671,33.09419334,-97.71734054
154,1.53178274,1.61154101,50895.82895,33.09493119,-97.72206549
155,1.531728632,1.60864631,50878.30873,33.09567055,-97.72679027
156,1.53167771,1.605739488,50860.80454,33.09641143,-97.73151488
157,1.531630017,1.602795346,50843.31543,33.09715382,-97.73623934
158,1.531585479,1.599895586,50825.8397,33.09789773,-97.74096366
159,1.531544108,1.597362936,50808.37457,33.09864314,-97.74568786
160,1.531505529,1.594535799,50790.92007,33.09939004,-97.75041194
161,1.531470089,1.591500899,50773.47758,33.10013844,-97.75513591
162,1.53143759,1.588571418,50756.04446,33.10088832,-97.7598598
163,1.531408072,1.584958335,50738.61657,33.10163969,-97.76458359
164,1.531381149,1.583433811,50721.19777,33.10239254,-97.76930732
165,1.531356953,1.580196294,50703.78689,33.10314689,-97.77403097
166,1.531335349,1.577131682,50686.38364,33.10390274,-97.77875457
167,1.531316118,1.574414416,50668.98483,33.10466007,-97.78347811
168,1.531298954,1.571742349,50651.58979,33.1054189,-97.78820161
169,1.531283783,1.568984129,50634.1995,33.10617921,-97.79292507
170,1.531271656,1.564591102,50616.79976,33.10694102,-97.7976485
171,1.531260126,1.570690013,50599.39436,33.1077043,-97.80237192
172,1.531248902,1.564236893,50582.01116,33.10846908,-97.80709531
173,1.531240406,1.556746846,50564.66402,33.10923535,-97.81181869
174,1.531234106,1.552542062,50547.31791,33.11000313,-97.81654205
175,1.531229225,1.55074417,50529.95655,33.11077241,-97.82126541
176,1.531225302,1.549239923,50512.58319,33.1115432,-97.82598876
177,1.531222201,1.547026077,50495.20687,33.1123155,-97.83071211
178,1.531219935,1.544121958,50477.83254,33.11308931,-97.83543546
179,1.531218571,1.541007144,50460.45978,33.11386462,-97.84015882
180,1.531218013,1.538052717,50443.08587,33.11464145,-97.84488219
181,1.531218145,1.535326286,50425.70883,33.1154198,-97.84960557
182,1.531218956,1.532665458,50408.32793,33.11619967,-97.85432895
183,1.531220272,1.530166453,50390.94421,33.11698106,-97.85905235
184,1.531222136,1.527623931,50373.55775,33.117764,-97.86377575
185,1.531224202,1.524841039,50356.16933,33.11854847,-97.86849917
186,1.531226608,1.522044502,50338.77969,33.11933449,-97.87322259
187,1.531229099,1.519197078,50321.38769,33.12012204,-97.87794603
188,1.531232345,1.517956219,50303.98626,33.12091114,-97.88266947
189,1.531234488,1.515675051,50286.58028,33.12170178,-97.88739293
190,1.531237055,1.511255474,50269.18551,33.12249397,-97.89211641
191,1.531240079,1.507669196,50251.7919,33.12328771,-97.89683989
192,1.531243352,1.505209521,50234.39022,33.124083,-97.90156338
193,1.531246497,1.502958989,50216.98072,33.12487987,-97.90628688
194,1.531249623,1.500456379,50199.56796,33.1256783,-97.91101038
195,1.53125261,1.49779816,50182.15327,33.1264783,-97.9157339
196,1.531255447,1.494996405,50164.73709,33.12727987,-97.92045741
197,1.531258108,1.492132225,50147.3192,33.12808301,-97.92518094
198,1.531260645,1.489331299,50129.89894,33.12888772,-97.92990447
199,1.531263053,1.486654644,50112.47542,33.129694,-97.934628
200,1.531265459,1.48434533,50095.04732,33.13050185,-97.93935154
201,1.531268665,1.487510356,50077.59741,33.13131128,-97.94407509
202,1.531269761,1.482128185,50060.15218,33.13212229,-97.94879863
203,1.531271532,1.47561334,50042.73554,33.13293489,-97.95352218
204,1.531273391,1.471712788,50025.31723,33.13374908,-97.95824572
205,1.531274625,1.469660266,50007.88295,33.13456486,-97.96296926
206,1.531275357,1.467865085,49990.43726,33.13538222,-97.9676928
207,1.531275588,1.465672434,49972.9869,33.13620116,-97.97241633
208,1.531275507,1.463209533,49955.53528,33.13702168,-97.97713986
209,1.531275026,1.460278941,49938.08368,33.13784378,-97.98186338
210,1.531274473,1.457188042,49920.63244,33.13866747,-97.9865869
211,1.531273879,1.45438016,49903.17849,33.13949274,-97.99131041
212,1.531273249,1.451891182,49885.71998,33.14031959,-97.99603391
213,1.531272481,1.449363063,49868.25757,33.14114804,-98.00075741
214,1.531271638,1.446689505,49850.79296,33.14197807,-98.00548089
215,1.531270708,1.443979688,49833.32622,33.1428097,-98.01020436
216,1.531269757,1.44154461,49815.85601,33.14364291,-98.01492783
217,1.531268538,1.438884707,49798.38289,33.14447771,-98.01965128
218,1.531267276,1.436004041,49780.90894,33.14531409,-98.02437473
219,1.531265987,1.433240098,49763.43271,33.14615206,-98.02909816
220,1.531264726,1.430695056,49745.95284,33.1469916,-98.03382159
221,1.531263939,1.424380798,49728.45907,33.14783272,-98.03854502
222.017,1.531263105,1.421172198,49710.95986,33.14867543,-98.04326843
223.017,1.531264456,1.419308947,49693.42089,33.14951972,-98.04799184
224.017,1.531263502,1.425547331,49675.85731,33.1503656,-98.05271525
225.017,1.531261232,1.423405705,49658.32063,33.15121307,-98.05743864
226.05,1.531264073,1.393779366,49640.75571,33.15206213,-98.06216204
227.05,1.531265345,1.415020235,49623.1432,33.15291276,-98.06688542
228.05,1.531263683,1.415372692,49605.49508,33.15376497,-98.07160881
229.05,1.531252388,1.473937396,49588.06749,33.15461875,-98.07633217
230.05,1.531212142,1.581593772,49571.44848,33.15547411,-98.08105545
231.05,1.531142192,1.636156044,49556.45165,33.1563311,-98.0857786
232.05,1.531059028,1.614930383,49543.58307,33.15718971,-98.09050157
233.017,1.530979362,1.553231216,49532.74811,33.15804992,-98.09522433
234.05,1.530905392,1.507912752,49523.49432,33.15891171,-98.09994688
235.083,1.53083932,1.479103545,49515.37991,33.15977504,-98.10466923
236.05,1.530779215,1.470683885,49508.14073,33.16063991,-98.10939139
237.05,1.530723261,1.467666201,49501.66658,33.1615063,-98.11411339
238.05,1.530672798,1.464054632,49495.91414,33.16237423,-98.11883524
239.05,1.530627881,1.454017002,49490.84011,33.16324369,-98.12355694
240.05,1.530611655,1.442117665,49486.37647,33.16411469,-98.12827853
241.05,1.530639366,1.432150591,49482.42048,33.1649872,-98.13299994
242.05,1.530655209,1.42579819,49478.87989,33.16586114,-98.1377211
243.05,1.53067055,1.423012385,49475.69832,33.16673634,-98.14244204
244.05,1.530686122,1.419055823,49472.84438,33.16761273,-98.14716278
245.05,1.530701802,1.415093917,49470.28564,33.16849024,-98.15188334
246.05,1.530718284,1.411400363,49467.98779,33.16936878,-98.15660373
247.05,1.530736047,1.406474538,49465.91406,33.17024829,-98.16132398
248.05,1.530754426,1.40639582,49464.04549,33.17112868,-98.16604411
249.05,1.530773379,1.403583601,49462.35475,33.17200988,-98.17076414
250.05,1.530792777,1.40150289,49460.82532,33.17289181,-98.17548409
251.117,1.530812629,1.399574609,49459.43788,33.17377439,-98.18020399
252.05,1.530832795,1.39865653,49458.17405,33.17465753,-98.18492385
253.05,1.530852891,1.397128164,49457.0235,33.17554117,-98.1896437
254.05,1.530873661,1.398575961,49455.96566,33.17642524,-98.19436356
255.05,1.530892861,1.397263487,49454.99902,33.17730967,-98.19908343
256.05,1.530912915,1.393756606,49454.1374,33.17819443,-98.20380333
257.05,1.530933811,1.391699669,49453.35549,33.17907946,-98.20852327
258.05,1.530954061,1.391002766,49452.63391,33.17996468,-98.21324328
259.05,1.530973769,1.390952472,49451.9655,33.18085004,-98.21796337
260.05,1.530992865,1.390864723,49451.3491,33.1817355,-98.22268354
261.05,1.531011337,1.38990159,49450.78317,33.18262101,-98.2274038
262.05,1.530822961,3.1456257,49454.18465,33.18350632,-98.23212336
263.05,1.530024395,3.953453816,49471.54799,33.18439106,-98.23684079
264.05,1.529428197,2.477770647,49508.57276,33.18527529,-98.24155603
265.05,1.52923473,1.044369447,49553.08876,33.18610025,-98.24595508
266.05,1.529212607,0.502811704,49602.69594,33.18704283,-98.25098214
267.05,1.529254235,0.8947056622,49642.43456,33.18792643,-98.25569563
268.05,1.529255718,1.429655265,49677.42811,33.18880994,-98.26040958
269.05,1.529212489,1.665422442,49711.75294,33.18969327,-98.26512361
270.05,1.52917565,1.596630639,49747.6702,33.19057635,-98.26983756
271.05,1.529180732,1.423419127,49785.033,33.19145917,-98.27455148
272.05,1.52922974,1.335717121,49822.59198,33.19234173,-98.27926558
273.05,1.529298583,1.357326064,49859.4187,33.19322405,-98.28398
274.05,1.529372406,1.420596633,49895.49818,33.19410616,-98.2886948
275.05,1.529444072,1.466098997,49931.2717,33.19498805,-98.29340995
276.05,1.529522658,1.464186861,49967.04553,33.19586973,-98.29812545
277.05,1.529605803,1.462163046,50002.84159,33.19675121,-98.30284129
278.05,1.529693241,1.459466843,50038.59636,33.1976325,-98.30755751
279.05,1.529783649,1.462749561,50074.24872,33.19851362,-98.3122741
280.05,1.529873116,1.500779412,50109.83629,33.19939456,-98.31699107
281.05,1.529965387,1.46488857,50145.24859,33.20027534,-98.32170844
282.05,1.530086113,1.271149832,50179.96426,33.20115601,-98.32642631
283.05,1.530273293,1.019153235,50212.37872,33.20203664,-98.33114493
284.017,1.530509831,0.9449901251,50240.61747,33.20291732,-98.33586453
285.05,1.53076825,1.018335011,50263.86311,33.20379808,-98.34058521
286.05,1.531016129,1.177276885,50282.6415,33.20467892,-98.34530692
287.05,1.531240076,1.303241543,50298.13228,33.20555982,-98.35002954
288.05,1.5314409,1.362620323,50311.4375,33.20644079,-98.35475295
289.05,1.531624899,1.371607964,50323.17525,33.2073218,-98.35947707
290.05,1.531797047,1.374463273,50333.52765,33.20820288,-98.36420182
291.05,1.531954044,1.386991869,50342.52637,33.20908403,-98.36892716
292.05,1.53209362,1.409181641,50350.27911,33.20996529,-98.37365302
293.05,1.532214137,1.432968057,50356.9668,33.21084665,-98.37837933
294.05,1.5323151,1.451280514,50362.79612,33.21172814,-98.38310603
295.05,1.5323991,1.462493168,50367.93077,33.21260974,-98.38783305
296.05,1.532466714,1.471459074,50372.47489,33.21349146,-98.39256033
297.05,1.532518901,1.479359525,50376.51139,33.21437331,-98.39728783
298.05,1.532556981,1.484836623,50380.10319,33.2152553,-98.40201548
299.05,1.532582721,1.489004384,50383.30128,33.21613747,-98.40674325
300.05,1.532596457,1.495164485,50386.1503,33.21701981,-98.41147108
301.05,1.53259913,1.500271858,50388.69798,33.21790233,-98.41619893
302.05,1.532591955,1.504093218,50390.98839,33.21878504,-98.42092678
303.05,1.532576126,1.506986673,50393.05579,33.21966793,-98.4256546
304.05,1.532552919,1.509222422,50394.92489,33.22055102,-98.43038234
305.05,1.532523453,1.511604958,50396.61512,33.22143432,-98.43511
306.05,1.532488677,1.513818701,50398.14552,33.22231785,-98.43983754
307.05,1.532452123,1.51564736,50399.4456,33.22314271,-98.44424978
308.05,1.532405852,1.516968564,50400.79848,33.22408565,-98.44929219
309.05,1.532359299,1.518616428,50401.94943,33.22496991,-98.45401929
310.05,1.532310365,1.52010066,50402.99708,33.22585442,-98.45874621
311.05,1.532259844,1.521329807,50403.9532,33.22673917,-98.46347296
312.05,1.532208383,1.522248295,50404.82782,33.22762419,-98.46819952
313.05,1.532156546,1.523118947,50405.62852,33.22850948,-98.47292589
314.05,1.532104592,1.523963157,50406.36124,33.22939506,-98.47765207
315.05,1.532052695,1.524737734,50407.03226,33.23028092,-98.48237805
316.05,1.532001248,1.525428083,50407.64733,33.23116706,-98.48710384
317.05,1.531950647,1.526072441,50408.21213,33.23205347,-98.49182945
318.05,1.531901419,1.526437487,50408.73067,33.23294015,-98.49655487
319.05,1.531853754,1.527076756,50409.20624,33.23382711,-98.50128011
320.05,1.531807843,1.527545556,50409.64261,33.23471436,-98.50600517
321.283,1.531763719,1.528186421,50410.04403,33.23560191,-98.51073005
322.05,1.531721442,1.527148107,50410.41702,33.23648977,-98.51545477
323.05,1.531681659,1.527840984,50410.76016,33.23737789,-98.52017933
324.05,1.531643518,1.528971257,50411.06867,33.23826628,-98.52490374
325.05,1.531607024,1.52969948,50411.35059,33.23915495,-98.52962801
326.05,1.531572729,1.530193016,50411.61235,33.24004389,-98.53435214
327.05,1.531540859,1.529891494,50411.85542,33.24093312,-98.53907614
328.05,1.53151108,1.52998083,50412.08056,33.24182262,-98.54380001
329.05,1.531483104,1.53017918,50412.2873,33.24271238,-98.54852377
330.117,1.531456921,1.53042928,50412.47682,33.2436024,-98.55324742
331.05,1.531432722,1.530596668,50412.65104,33.24449267,-98.55797098
332.05,1.531410547,1.530804613,50412.81132,33.24538318,-98.56269444
333.05,1.531390284,1.53097677,50412.95876,33.24627394,-98.56741783
334.05,1.531371838,1.531111693,50413.09458,33.24716495,-98.57214113
335.05,1.531355106,1.531191708,50413.21986,33.24805621,-98.57686435
336.05,1.531339828,1.531297736,50413.33527,33.2489477,-98.58158751
337.05,1.531325895,1.531423517,50413.44127,33.24983942,-98.58631062
338.05,1.531313246,1.531534109,50413.53871,33.25073135,-98.59103367
339.05,1.531301994,1.531624032,50413.62841,33.25162349,-98.59575668
340.05,1.531292131,1.531718083,50413.71113,33.25251585,-98.60047965
341.05,1.531283529,1.531744798,50413.78731,33.25340842,-98.60520258
342.05,1.531275983,1.531825312,50413.85732,33.25430122,-98.60992547
343.05,1.531269324,1.531898353,50413.92164,33.25519421,-98.61464833
344.05,1.53126344,1.532007012,50413.9809,33.2560874,-98.61937118
345.05,1.531258481,1.531985522,50414.03537,33.25698077,-98.624094
346.05,1.531254305,1.532040006,50414.08551,33.25787433,-98.62881681
347.05,1.531250915,1.532090314,50414.13158,33.25876808,-98.63353961
348.05,1.531248257,1.532132929,50414.17395,33.25966202,-98.63826239
349.05,1.53124613,1.532168202,50414.21295,33.26055615,-98.64298517
350.05,1.531244321,1.532194448,50414.24884,33.26145046,-98.64770794
351.05,1.531242966,1.532223849,50414.28183,33.26234494,-98.65243071
352.05,1.531241958,1.532250565,50414.31215,33.26323958,-98.65715348
353.05,1.531241315,1.532274607,50414.34002,33.26413438,-98.66187625
354.05,1.531241182,1.532288637,50414.36568,33.26502935,-98.66659903
355.05,1.531241418,1.532312168,50414.38928,33.2659245,-98.67132181
356.05,1.531241807,1.53233684,50414.41091,33.26681983,-98.67604459
357.05,1.531242212,1.532356534,50414.43079,33.26771532,-98.68076738
358.05,1.531242775,1.532368501,50414.44908,33.26861096,-98.68549018
359.05,1.531243506,1.532376268,50414.46591,33.26950676,-98.69021298
360.05,1.531244303,1.532390511,50414.48136,33.27040271,-98.6949358
361.05,1.531245346,1.532404233,50414.49554,33.27129882,-98.69965863
362.05,1.53124655,1.532416449,50414.50858,33.2721951,-98.70438147
363.05,1.531247742,1.532434189,50414.52059,33.27309155,-98.70910431
364.05,1.531248786,1.532430413,50414.53161,33.27398817,-98.71382716
365.05,1.531249921,1.532439574,50414.54172,33.27488493,-98.71855002
366.05,1.531250989,1.532447787,50414.55101,33.27578185,-98.7232729
367.05,1.531251985,1.532461295,50414.55955,33.27667891,-98.72799579
368.05,1.531253127,1.532456203,50414.56741,33.27757615,-98.73271869
369.283,1.531254358,1.532463503,50414.57464,33.27847355,-98.73744159
370.05,1.531255525,1.532450097,50414.58134,33.27937112,-98.74216451
371.05,1.531256521,1.53246092,50414.5875,33.28026886,-98.74688743
372.05,1.531257407,1.532478084,50414.59303,33.28116675,-98.75161036
373.05,1.531258261,1.532487279,50414.59809,33.28206481,-98.7563333
374.05,1.531259149,1.532487492,50414.60277,33.28296302,-98.76105625
375.05,1.531260064,1.532487524,50414.60711,33.28386141,-98.7657792
376.05,1.531260994,1.532490677,50414.61111,33.28475997,-98.77050216
377.05,1.531261875,1.532492774,50414.6148,33.28565872,-98.77522513
378.05,1.531262521,1.532495236,50414.61818,33.28655764,-98.77994809
379.05,1.531263157,1.532499325,50414.62127,33.28745673,-98.78467107
380.05,1.531263619,1.532500456,50414.62412,33.28835599,-98.78939405
381.05,1.53126389,1.532500577,50414.62675,33.28925541,-98.79411704
382.05,1.531264341,1.532501972,50414.62919,33.290155,-98.79884003
383.05,1.531264884,1.532503284,50414.63144,33.29105479,-98.80356302
384.05,1.531265447,1.532506188,50414.6335,33.29195477,-98.80828601
385.05,1.531265756,1.532509268,50414.63538,33.29285493,-98.81300901
386.05,1.531266028,1.532508526,50414.6371,33.29375526,-98.817732
387.05,1.531266226,1.532508792,50414.63868,33.29465577,-98.822455
388.05,1.531266358,1.532509844,50414.64014,33.29555646,-98.82717801
389.05,1.531266646,1.532511006,50414.64149,33.29645734,-98.83190101
390.05,1.531267039,1.532512801,50414.64274,33.29735842,-98.836624
391.05,1.531267395,1.532513305,50414.64388,33.2982597,-98.841347
392.05,1.531267536,1.532515805,50414.64493,33.29916117,-98.84606999
393.05,1.531267619,1.532515579,50414.64588,33.30006283,-98.85079299
394.05,1.531267603,1.532515102,50414.64676,33.30096467,-98.85551598
395.05,1.531267606,1.532514556,50414.64758,33.3018667,-98.86023897
396.05,1.531267758,1.532515033,50414.64835,33.30276892,-98.86496197
397.05,1.531267985,1.53251698,50414.64906,33.30367135,-98.86968495
398.05,1.53126814,1.532518373,50414.64971,33.30457398,-98.87440793
399.05,1.531268116,1.532519972,50414.65031,33.30547682,-98.87913091
400.05,1.531268058,1.532517392,50414.65085,33.30637984,-98.88385388
401.05,1.531268023,1.5325171,50414.65135,33.30728305,-98.88857686
402.05,1.531267912,1.532517593,50414.65181,33.30818645,-98.89329983
403.05,1.531268039,1.532518398,50414.65221,33.3090298,-98.89770794
404.05,1.531268056,1.532519653,50414.65265,33.30999385,-98.90274577
405.05,1.531268108,1.532520702,50414.65303,33.31089786,-98.90746872
406.05,1.531268036,1.532520557,50414.65338,33.31180207,-98.91219168
407.05,1.531267882,1.53251987,50414.6537,33.31270648,-98.91691463
408.05,1.531267717,1.532518467,50414.65399,33.31361106,-98.92163758
409.05,1.531267636,1.532517671,50414.65426,33.31451585,-98.92636053
410.05,1.531244065,1.692023023,50414.91691,33.31542082,-98.93108342
411.05,1.530672912,4.138893048,50425.21759,33.31632557,-98.93580419
412.05,1.529881221,3.49802759,50452.2645,33.31723024,-98.94052298
413.05,1.52946963,1.825300771,50495.37398,33.31813475,-98.94523932
414.05,1.529355424,0.7841643588,50542.82359,33.31903925,-98.94995427
415.05,1.52935765,0.7877108282,50585.69854,33.31994393,-98.95466928
416.05,1.5293621,1.296089561,50622.59398,33.32084886,-98.95938471
417.05,1.529320329,1.710144109,50656.71628,33.32175398,-98.96410025
418.05,1.529257336,1.832245224,50691.3974,33.32265924,-98.96881562
419.05,1.529223301,1.671344435,50727.61995,33.32356463,-98.97353079
420.05,1.529233149,1.541650789,50764.76616,33.32447013,-98.97824587
421.05,1.529275609,1.500106672,50801.72646,33.32537574,-98.98296105
422.017,1.529330368,1.545201931,50838.04133,33.32628149,-98.98767643
423.05,1.529394177,1.574794419,50873.83652,33.32718739,-98.99239203
424.05,1.529460362,1.613002613,50909.41403,33.32809345,-98.99710786
425.05,1.52952976,1.624004896,50944.96465,33.32899969,-99.00182391
426.05,1.529604686,1.619341045,50980.56856,33.32990611,-99.00654019
427.05,1.529683527,1.601914737,51016.20761,33.33081269,-99.0112567
428.05,1.529769481,1.606420282,51051.77317,33.33171944,-99.01597349
429.05,1.529856352,1.624117333,51087.16607,33.33262637,-99.02069056
430.05,1.529941353,1.639905502,51122.44069,33.33353349,-99.02540791
431.05,1.530024701,1.648406936,51157.67796,33.33444082,-99.03012552
432.05,1.530104398,1.64577784,51192.93981,33.33534836,-99.03484338
433.05,1.530187056,1.646141764,51228.19507,33.3362561,-99.03956149
434.05,1.530266543,1.658137903,51263.35934,33.33716404,-99.04427986
435.05,1.53034201,1.668917256,51298.46333,33.33807217,-99.04899847
436.05,1.530411462,1.684493801,51333.58489,33.3389805,-99.0537173
437.05,1.530481881,1.670654924,51368.6915,33.33988905,-99.05843635
438.05,1.530548302,1.682329378,51403.75461,33.34079783,-99.0631556
439.05,1.530609849,1.692688437,51438.77223,33.34170682,-99.06787504
440.05,1.530667224,1.69962239,51473.7816,33.34261601,-99.07259466
441.05,1.530720119,1.700683077,51508.80792,33.3435254,-99.07731445
442.05,1.530770874,1.706142188,51543.83524,33.34443501,-99.08203439
443.05,1.530817824,1.713709045,51578.83486,33.34534483,-99.08675448
444.05,1.530860858,1.720993702,51613.81803,33.34625488,-99.09147469
445.05,1.530897483,1.726849163,51646.4649,33.34710447,-99.09588032
446.05,1.530934285,1.720564265,51683.81794,33.34807564,-99.10091544
447.05,1.530968706,1.732179126,51718.81901,33.34898632,-99.10563596
448.05,1.530998739,1.744432138,51753.76492,33.34989721,-99.11035658
449.05,1.531025067,1.753155242,51788.7035,33.35080832,-99.11507728
450.05,1.531046416,1.7483212,51823.69231,33.35171966,-99.11979803
451.05,1.531069286,1.754843671,51858.70165,33.35263122,-99.12451883
452.05,1.531088602,1.766375896,51893.66048,33.35354299,-99.12923968
453.05,1.531104676,1.775792644,51928.60387,33.35445496,-99.13396058
454.05,1.531118133,1.781947764,51963.56079,33.35536713,-99.13868152
455.05,1.531127677,1.789547193,51998.56984,33.35627952,-99.14340247
456.05,1.531139886,1.781559036,52033.5883,33.35719214,-99.14812344
457.05,1.53114951,1.79421355,52068.56695,33.35810497,-99.15284443
458.05,1.531156479,1.805212657,52103.51819,33.35901801,-99.15756543
459.05,1.531159521,1.834824014,52138.5318,33.35993123,-99.16228643
460.05,1.531164306,1.805998226,52173.52555,33.36084466,-99.16700745
461.05,1.531168702,1.817324758,52208.53191,33.3617583,-99.17172845
462.05,1.531171075,1.827985143,52243.50863,33.36267216,-99.17644945
463.05,1.531169978,1.865920801,52278.54445,33.36358623,-99.18117042
464.05,1.531170327,1.828868024,52313.54131,33.3645005,-99.18589141
465.05,1.53117126,1.840141992,52348.57664,33.36541494,-99.19061237
466.05,1.531170537,1.851371122,52383.57484,33.36632959,-99.19533332
467.05,1.531168717,1.859655857,52418.57425,33.36724445,-99.20005426
468.05,1.531166182,1.865105814,52453.595,33.36815953,-99.20477517
469.05,1.531150385,2.009159063,52488.98676,33.36907479,-99.20949596
470.05,1.531155549,1.800956424,52524.0742,33.36999027,-99.21421686
471.05,1.5311617,1.856158414,52559.1221,33.37090593,-99.21893769
472.05,1.531159533,1.899825049,52593.93076,33.37182178,-99.22365854
473.05,1.531151129,1.911450826,52628.81255,33.37273785,-99.22837936
474.05,1.531146258,1.904648441,52663.85408,33.37365411,-99.23310013
475.05,1.531142229,1.904736572,52698.95914,33.37457055,-99.23782088
476.05,1.531136495,1.916114013,52734.10757,33.37548715,-99.24254161
477.05,1.531134947,1.905546826,52769.23182,33.37640394,-99.24726232
478.05,1.531130592,1.930241268,52804.34805,33.37732092,-99.251983
479.05,1.531128485,1.923073558,52839.42021,33.3782381,-99.25670368
480.05,1.531125365,1.93740011,52874.48277,33.37915546,-99.26142433
481.05,1.531121186,1.946574483,52909.54913,33.38007297,-99.26614497
482.05,1.531115133,1.979926545,52944.7037,33.38099066,-99.27086558
483.05,1.531112023,1.944175732,52979.82582,33.38190853,-99.27558618
484.05,1.53111011,1.95574519,53014.97273,33.3828266,-99.28030675
485.05,1.531107102,1.967360077,53050.08252,33.38374485,-99.28502731
486.083,1.531103579,1.976004473,53085.19329,33.38466326,-99.28974785
487.05,1.531099284,1.977929498,53120.33775,33.38558184,-99.29446838
488.05,1.531096637,1.984283411,53155.50103,33.38650059,-99.29918889
489.05,1.531093924,1.991513772,53190.6599,33.38741954,-99.30390938
490.05,1.531090985,1.998554467,53225.82019,33.38833868,-99.30862985
491.05,1.531087205,2.001460207,53260.99839,33.38925797,-99.3133503
492.05,1.531078699,1.998404985,53296.21592,33.39017743,-99.31807073
493.05,1.531072024,2.010000337,53331.42249,33.39109706,-99.32279114
494.217,1.531061863,2.023005904,53364.23564,33.39195556,-99.32719681
495.05,1.531005852,1.926525635,53402.07401,33.39293688,-99.33223173
496.05,1.530998517,1.958264312,53437.60301,33.393857,-99.33695186
497.05,1.530986883,2.028479988,53472.60438,33.3947773,-99.34167198
498.05,1.530965096,2.077615775,53507.43563,33.39569777,-99.34639206
499.05,1.530929664,2.087039058,53542.40919,33.39661843,-99.35111203
500.05,1.530888099,2.075612244,53577.59631,33.39753923,-99.35583187
501.05,1.530843019,2.081374733,53612.94567,33.39846015,-99.36055156
502.05,1.530800759,2.054435753,53648.26486,33.39938123,-99.36527113
503.05,1.530758547,2.070190503,53683.51536,33.40030248,-99.36999054
504.05,1.530718724,-0.07243740234,53714.27658,33.40122406,-99.37471059
505.05,1.531161205,-2.14001878,53728.02538,33.40214606,-99.37943139
506.05,1.532023879,-0.5038110755,53716.0594,33.40306868,-99.3841543
507.05,1.532809559,1.856557717,53684.59189,33.40399163,-99.38887877
508.05,1.533141107,3.155137373,53648.62757,33.404915,-99.39360445
509.05,1.533222177,3.173123649,53618.35972,33.40583896,-99.39833143
510.117,1.533310326,2.562656203,53595.61841,33.40676345,-99.40305934
511.05,1.533468688,2.01345293,53577.08921,33.40768825,-99.40778787
512.05,1.533648881,1.805047124,53558.97139,33.40861331,-99.41251686
513.05,1.533805908,1.879280349,53539.45234,33.40953864,-99.41724625
514.05,1.533908262,2.03957667,53518.68517,33.41046423,-99.42197595
515.05,1.533954012,2.147331854,53497.64916,33.4113901,-99.42670585
516.05,1.533955474,2.154384501,53477.1531,33.41231624,-99.43143586
517.05,1.53393428,2.106180792,53457.43075,33.4132426,-99.43616588
518.05,1.533899908,2.057019913,53438.24528,33.41416914,-99.44089585
519.05,1.533854812,2.03875774,53419.26468,33.41509586,-99.4456257
520.05,1.533793947,2.036131477,53400.32972,33.41602277,-99.45035538
521.05,1.53371938,2.040159533,53381.45151,33.41694986,-99.45508484
522.05,1.53363232,2.042345425,53362.66845,33.4178771,-99.45981406
523.05,1.533535637,2.039490367,53344.01746,33.41880448,-99.464543
524.05,1.533433482,2.038680952,53325.48864,33.419732,-99.46927164
525.05,1.533324666,2.030126907,53307.08024,33.42065966,-99.47399996
526.05,1.533213284,2.021232914,53288.79297,33.42158748,-99.47872794
527.05,1.533100463,2.01725958,53270.58022,33.42251543,-99.48345558
528.05,1.532987094,2.018734141,53252.40762,33.42344348,-99.48818288
529.05,1.532871839,2.013487977,53234.2948,33.42437166,-99.49290983
530.05,1.532758495,2.006777938,53216.26351,33.42529997,-99.49763643
531.05,1.532647449,2.001528053,53198.28936,33.42622842,-99.50236268
532.017,1.532540163,1.993268545,53180.3476,33.42715701,-99.5070886
533.05,1.53243433,2.003071654,53162.42494,33.4280857,-99.51181419
534.05,1.532330833,1.996462342,53144.54006,33.42901451,-99.51653948
535.05,1.532232396,1.989053714,53126.72202,33.42994346,-99.52126446
536.05,1.532138927,1.983641763,53108.94052,33.43087255,-99.52598914
537.05,1.532051015,1.985735747,53091.15982,33.43180179,-99.53071354
538.05,1.531965402,1.981752474,53073.39226,33.43273114,-99.53543768
539.05,1.531885123,1.976068541,53055.66766,33.43366062,-99.54016157
540.05,1.53181052,1.971346155,53037.96947,33.43459024,-99.54488524
541.05,1.531741118,1.967980384,53020.28433,33.43552002,-99.54960868
542.05,1.531676359,1.965350796,53002.60785,33.43644996,-99.55433191
543.05,1.531616138,1.962723812,52984.94161,33.43738003,-99.55905496
544.05,1.531560562,1.959756186,52967.28823,33.43831023,-99.56377784
545.05,1.531509824,1.956498667,52949.64848,33.43924059,-99.56850056
546.05,1.531464769,1.958467025,52932.00502,33.44017112,-99.57322313
547.05,1.531421752,1.953404633,52914.37283,33.44110182,-99.57794557
548.05,1.531383354,1.946961015,52896.776,33.44203267,-99.58266789
549.05,1.531349314,1.942156205,52879.19249,33.44296366,-99.5873901
550.05,1.531319734,1.936840263,52861.601,33.44389482,-99.59211223
551.05,1.53129321,1.938643026,52844.01046,33.44482615,-99.59683427
552.05,1.531269751,1.935086205,52826.42475,33.44575767,-99.60155624
553.05,1.531249244,1.931315905,52808.85066,33.44668935,-99.60627814
554.05,1.531231736,1.927818045,52791.28338,33.44762119,-99.61099999
555.05,1.531218077,1.930026719,52773.70329,33.44855319,-99.6157218
556.05,1.531205025,1.925260961,52756.12672,33.44948538,-99.62044358
557.05,1.531194868,1.919034771,52738.58015,33.45041775,-99.62516531
558.05,1.531187031,1.914297834,52721.0431,33.45135031,-99.62988703
559.05,1.531181516,1.908989727,52703.49497,33.45228304,-99.63460873
560.05,1.531177015,1.910753229,52685.94473,33.45321593,-99.63933043
561.05,1.53117417,1.907205186,52668.39652,33.454149,-99.64405211
562.05,1.531172957,1.903474349,52650.8571,33.45508227,-99.6487738
563.05,1.531172891,1.90003289,52633.32188,33.45601574,-99.65349548
564.05,1.53117467,1.902331289,52615.77146,33.45694938,-99.65821717
565.05,1.531175148,1.897558009,52598.22282,33.45788318,-99.66293887
566.05,1.531177388,1.89134249,52580.70274,33.45881717,-99.66766059
567.05,1.531181447,1.888476356,52563.185,33.45975136,-99.67238232
568.05,1.531186452,1.890204443,52545.64596,33.46068574,-99.67710405
569.05,1.531189747,1.885026576,52528.10986,33.46162032,-99.68182581
570.05,1.53119403,1.878819993,52510.60039,33.46255506,-99.68654759
571.05,1.531199177,1.874321791,52493.09633,33.46348999,-99.69126939
572.517,1.531204634,1.871702267,52476.75274,33.46436276,-99.69567642
573.05,1.531267974,1.859351267,52457.11833,33.46536051,-99.70071312
574.05,1.531218417,2.113768734,52438.82996,33.46629602,-99.70543493
575.05,1.531190349,1.915090784,52421.72734,33.46723172,-99.71015682
576.05,1.531196287,1.788198748,52405.25283,33.46816763,-99.71487868
577.05,1.531217847,1.763366723,52388.40514,33.46910375,-99.71960056
578.05,1.53123623,1.820333227,52370.97294,33.47004003,-99.72432246
579.05,1.5312453,1.861329489,52353.20798,33.47097648,-99.7290444
580.05,1.531248078,1.873532315,52335.45589,33.47191311,-99.73376637
581.05,1.531249847,1.862264372,52317.86336,33.47284994,-99.73848836
582.05,1.531254418,1.837010903,52300.38077,33.47378697,-99.74321037
583.05,1.531258939,1.838700522,52282.94923,33.47472418,-99.7479324
584.05,1.531264146,1.83198737,52265.49594,33.47566157,-99.75265445
585.05,1.531269278,1.830235457,52248.01587,33.47659912,-99.75737652
586.05,1.531275002,1.822122317,52230.48964,33.47753686,-99.76209862
587.05,1.531278362,1.833904957,52212.97108,33.4784748,-99.76682072
588.05,1.53128103,1.827515207,52195.46907,33.47941294,-99.77154284
589.05,1.53128392,1.821203697,52177.99362,33.48035126,-99.77626498
590.05,1.531287082,1.816941809,52160.52051,33.48128975,-99.78098713
591.05,1.531291145,1.806633334,52143.01623,33.48222842,-99.7857093
592.05,1.531293271,1.817701042,52125.518,33.48316728,-99.79043148
593.05,1.531294981,1.811806803,52108.02804,33.48410635,-99.79515366
594.05,1.531296865,1.806256906,52090.55805,33.48504561,-99.79987586
595.05,1.531299822,1.79459806,52073.06719,33.48598505,-99.80459807
596.05,1.531300867,1.805103618,52055.5827,33.48692466,-99.80932028
597.05,1.531301744,1.799418418,52038.10203,33.48786447,-99.81404251
598.05,1.531303101,1.794313708,52020.6372,33.48880447,-99.81876474
599.083,1.531304499,1.790769683,52003.1717,33.48974468,-99.82348698
600.05,1.531305791,1.790333545,51985.69281,33.49068508,-99.82820922
601.05,1.531306025,1.787199245,51968.21156,33.49162565,-99.83293146
602.05,1.531306316,1.783521033,51950.73975,33.4925664,-99.83765372
603.05,1.531306876,1.780035009,51933.27263,33.49350735,-99.84237598
604.05,1.53130857,1.769208232,51915.78436,33.4944485,-99.84709825
605.05,1.531308289,1.779373741,51898.30922,33.49538985,-99.85182051
606.05,1.531307663,1.773044022,51880.84432,33.49633139,-99.85654277
607.05,1.531307492,1.767560698,51863.39695,33.49727311,-99.86126504
608.05,1.531308541,1.756276408,51845.92563,33.498215,-99.86598733
609.05,1.531307937,1.766983382,51828.45898,33.49915709,-99.8707096
610.05,1.531307226,1.761364037,51810.99704,33.50009937,-99.87543188
611.05,1.531306939,1.75621435,51793.55186,33.50104186,-99.88015416
612.05,1.531306714,1.752641851,51776.10635,33.50198454,-99.88487644
613.05,1.531307473,1.742514629,51758.63198,33.50292739,-99.88959873
614.05,1.531306238,1.753245278,51741.16651,33.50387042,-99.89432102
615.283,1.531305124,1.747106311,51723.71204,33.50481364,-99.89904331
616.05,1.531315081,1.79159023,51706.11558,33.50575708,-99.90376561
617.05,1.531304416,1.767467879,51688.49586,33.50670072,-99.9084879
618.05,1.531299137,1.743069215,51671.17209,33.50764453,-99.91321019
619.05,1.531298896,1.719030102,51653.91643,33.50858851,-99.91793248
620.05,1.531301377,1.715467512,51636.58282,33.50953269,-99.92265477
621.05,1.53130335,1.722147143,51619.13901,33.51047706,-99.92737706
622.05,1.531304579,1.719854626,51601.62027,33.51142163,-99.93209936
623.05,1.531302586,1.732169438,51584.12505,33.51236639,-99.93682166
624.05,1.531300435,1.723556191,51566.6759,33.51331131,-99.94154396
625.05,1.531299459,1.715153515,51549.26827,33.51425641,-99.94626627
626.05,1.531300487,1.702698097,51531.83934,33.5152017,-99.95098858
627.05,1.531299927,1.713696489,51514.40527,33.51614717,-99.95571089
628.05,1.531299017,1.709008657,51496.96776,33.51709284,-99.9604332
629.05,1.531298398,1.70447933,51479.54407,33.5180387,-99.96515552
630.05,1.531298,1.701028319,51462.12157,33.51898474,-99.96987784
631.05,1.531298671,1.690831803,51444.67287,33.51993094,-99.97460016
632.05,1.531297585,1.701308983,51427.23425,33.52087733,-99.97932249
633.05,1.531296616,1.695098943,51409.80753,33.52182391,-99.98404482
634.05,1.531296315,1.689565498,51392.39978,33.52277069,-99.98876715
635.05,1.531297198,1.678409485,51374.96843,33.52371767,-99.99348948
636.05,1.5312963,1.689051814,51357.54075,33.52466481,-99.99821182
637.05,1.531295233,1.683482062,51340.11868,33.52561213,-100.0029342
638.05,1.531294837,1.678391734,51322.71326,33.52655963,-100.0076565
639.083,1.531294933,1.674930446,51305.30697,33.52750734,-100.0123788
640.05,1.531295293,1.674681213,51287.88639,33.52845523,-100.0171012
641.05,1.531294658,1.671641889,51270.46355,33.52940332,-100.0218235
642.05,1.531294003,1.668038477,51253.05053,33.53035158,-100.0265459
643.05,1.531293563,1.664637179,51235.64219,33.53130002,-100.0312683
644.05,1.531294386,1.654129429,51218.21239,33.53224863,-100.0359906
645.05,1.531293462,1.66422391,51200.79463,33.53319744,-100.040713
646.05,1.531292521,1.65792848,51183.38895,33.53414644,-100.0454353
647.05,1.531292222,1.652507639,51166.00074,33.53509564,-100.0501577
648.05,1.531293201,1.64159756,51148.58756,33.53604502,-100.0548801
649.05,1.531292372,1.652293332,51131.17737,33.53699456,-100.0596025
650.05,1.531291516,1.646727765,51113.77379,33.53794429,-100.0643248
651.05,1.531291357,1.64160953,51096.38735,33.53889421,-100.0690472
652.05,1.531291566,1.638164155,51078.99996,33.53984434,-100.0737696
653.05,1.531292702,1.628419397,51061.58294,33.54079466,-100.078492
654.05,1.531291659,1.639087436,51044.17379,33.54174515,-100.0832144
655.05,1.531290879,1.630837933,51026.77104,33.54269582,-100.0879368
656.05,1.531290168,1.6290747,51009.39166,33.54364666,-100.0926592
657.05,1.531291128,1.616809588,50991.99376,33.5445977,-100.0973816
658.05,1.53129054,1.626530284,50974.60381,33.54554893,-100.102104
659.05,1.53128984,1.620857506,50957.2182,33.54650035,-100.1068264
660.05,1.531289513,1.61611919,50939.84505,33.54745196,-100.1115488
661.05,1.53128944,1.613063127,50922.46823,33.54840374,-100.1162712
662.05,1.53128931,1.611003825,50905.08345,33.5493557,-100.1209936
663.05,1.531289224,1.608943,50887.69492,33.55030784,-100.1257161
664.05,1.531289208,1.606399844,50870.30815,33.55126017,-100.1304385
665.05,1.531289162,1.603465599,50852.92557,33.5522127,-100.1351609
666.05,1.531290021,1.592984609,50835.52486,33.55316543,-100.1398834
667.05,1.53128895,1.602698805,50818.13865,33.55411833,-100.1446058
668.05,1.531287933,1.596224287,50800.76637,33.5550714,-100.1493282
669.05,1.531287631,1.590838773,50783.41069,33.55602465,-100.1540507
670.05,1.531288926,1.580238886,50766.02841,33.5569781,-100.1587731
671.05,1.531288346,1.591003537,50748.64775,33.55793173,-100.1634956
672.05,1.531287525,1.585475906,50731.27498,33.55888556,-100.168218
673.05,1.531287093,1.580344332,50713.9199,33.55983957,-100.1729405
674.05,1.531286984,1.576938352,50696.56369,33.56079376,-100.1776629
675.05,1.531287946,1.567398705,50679.17742,33.56174812,-100.1823854
676.05,1.531286995,1.578031091,50661.79836,33.56270266,-100.1871079
677.05,1.531286138,1.571901866,50644.43374,33.56365739,-100.1918304
678.05,1.531286044,1.56635084,50627.08916,33.56461232,-100.1965528
679.05,1.531287271,1.555530893,50609.7205,33.56556744,-100.2012753
680.05,1.531286415,1.566122153,50592.35365,33.56652274,-100.2059978
681.05,1.531285452,1.560619808,50574.99425,33.56747821,-100.2107203
682.05,1.531285081,1.55558705,50557.65166,33.56843386,-100.2154428
683.05,1.531278597,1.608003176,50540.43612,33.56938969,-100.2201653
684.05,1.531239956,1.735620688,50523.94102,33.5703457,-100.2248877
685.05,1.531162179,1.823647422,50509.13291,33.57130188,-100.22961
686.05,1.531065822,1.803244327,50496.67067,33.57225822,-100.2343321
687.05,1.53097087,1.731659675,50486.52047,33.5732147,-100.2390539
688.05,1.530887146,1.66007264,50478.1478,33.57417131,-100.2437756
689.05,1.530812946,1.62802251,50471.00209,33.57512803,-100.248497
690.05,1.530746228,1.614727417,50464.72364,33.5760849,-100.2532183
691.05,1.530685214,1.612124228,50459.17076,33.57704192,-100.2579393
692.05,1.530629774,1.608265458,50454.29598,33.57799909,-100.2626602
693.05,1.530581225,1.597682162,50450.05503,33.5789564,-100.2673809
694.05,1.530540259,1.589372821,50446.3848,33.57991386,-100.2721015
695.05,1.530507704,1.578219429,50443.19266,33.58087145,-100.276822
696.05,1.530483231,1.570129974,50440.3907,33.5818292,-100.2815424
697.283,1.530466519,1.564061697,50437.9031,33.5827871,-100.2862628
698.05,1.530457727,1.569447837,50435.66272,33.5837452,-100.2909831
699.05,1.53045169,1.564411021,50433.66385,33.58470348,-100.2957034
700.05,1.530452861,1.556268549,50431.92399,33.58566192,-100.3004237
701.05,1.530459719,1.550380214,50430.38151,33.58662051,-100.305144
702.05,1.530471282,1.548854003,50428.99075,33.58757928,-100.3098644
703.05,1.530487073,1.547699639,50427.72698,33.58853823,-100.3145848
704.05,1.530506355,1.546880776,50426.58072,33.58949737,-100.3193052
705.05,1.53052853,1.54575449,50425.54459,33.59045669,-100.3240258
706.05,1.530553074,1.543926103,50424.60864,33.59141621,-100.3287464
707.05,1.530579675,1.543157338,50423.7636,33.5923759,-100.3334671
708.05,1.530608015,1.541764027,50422.99819,33.59333577,-100.3381878
709.05,1.530637541,1.540691266,50422.30276,33.59429582,-100.3429087
710.05,1.530668217,1.53964832,50421.66769,33.59525606,-100.3476297
711.05,1.530699514,1.539501063,50421.08785,33.5962165,-100.3523508
712.05,1.530731032,1.538820876,50420.55853,33.59717714,-100.3570719
713.05,1.530762434,1.538174971,50420.07561,33.59813798,-100.3617932
714.05,1.530793625,1.537616639,50419.63418,33.599099,-100.3665146
715.05,1.530824399,1.536979331,50419.22946,33.60006021,-100.371236
716.05,1.530854633,1.536872635,50418.85869,33.60102161,-100.3759576
717.05,1.530884257,1.536438035,50418.519,33.60198321,-100.3806793
718.05,1.53091308,1.536046025,50418.20786,33.60294501,-100.385401
719.05,1.53094088,1.535597679,50417.92199,33.60390702,-100.3901228
720.05,1.530967381,1.535531186,50417.65951,33.60486923,-100.3948448
721.05,1.530992739,1.535235576,50417.41848,33.60583162,-100.3995668
722.05,1.531016856,1.534968815,50417.19728,33.6067942,-100.4042889
723.05,1.531039809,1.534744686,50416.99398,33.60775697,-100.409011
724.05,1.531061672,1.534477462,50416.80673,33.60871994,-100.4137333
725.05,1.531082336,1.534446817,50416.63457,33.60968311,-100.4184556
726.05,1.531101656,1.534253828,50416.47636,33.61064648,-100.4231779
727.05,1.5311196,1.534076672,50416.33104,33.61161005,-100.4279003
728.05,1.531136325,1.533872225,50416.19719,33.6125738,-100.4326228
729.05,1.531151828,1.533831679,50416.07396,33.61353774,-100.4373453
730.05,1.53116618,1.533713114,50415.96056,33.61450186,-100.4420679
731.05,1.531179566,1.533610737,50415.85637,33.61546619,-100.4467905
732.05,1.531192008,1.533456105,50415.76045,33.61643071,-100.4515132
733.05,1.531203371,1.533433418,50415.67219,33.61739544,-100.4562358
734.05,1.531213574,1.533340855,50415.59095,33.61836036,-100.4609585
735.283,1.531222767,1.533258491,50415.51623,33.61932547,-100.4656813
736.05,1.531230781,1.533401967,50415.44669,33.62029074,-100.4704041
737.05,1.531237812,1.533262315,50415.38256,33.6212562,-100.4751269
738.05,1.531244331,1.533109209,50415.32485,33.62222186,-100.4798497
739.05,1.531250572,1.532964836,50415.27216,33.62318772,-100.4845725
740.05,1.531256114,1.532908611,50415.2234,33.62415377,-100.4892954
741.05,1.531260765,1.532883364,50415.17797,33.62512001,-100.4940183
742.05,1.531264866,1.532911183,50415.13588,33.62608643,-100.4987412
743.05,1.531268391,1.532880862,50415.09716,33.62705304,-100.5034641
744.05,1.53127145,1.53283576,50415.06172,33.62801983,-100.508187
745.05,1.531274205,1.532792537,50415.02922,33.62898682,-100.5129099
746.05,1.531276584,1.532747748,50414.99932,33.62995401,-100.5176328
747.05,1.531278456,1.532745657,50414.97179,33.63092139,-100.5223557
748.05,1.531279808,1.532720659,50414.94645,33.63188896,-100.5270787
